<?xml version="1.0" encoding="utf-8" standalone="yes" ?>
<rss version="2.0" xmlns:atom="http://www.w3.org/2005/Atom">
  <channel>
    <title>Ph on TheBlueHive</title>
    <link>http://hugogtb.herokuapp.com/markets/ph.xml</link>
    <description>Recent content in Ph on TheBlueHive</description>
    <generator>Hugo -- gohugo.io</generator>
    <language>en-us</language>
    <atom:link href="http://hugogtb.herokuapp.com/markets/ph.xml" rel="self" type="application/rss+xml" />
    
    <item>
      <title>PH 2.0 Decline SR 001</title>
      <link>http://hugogtb.herokuapp.com/email/ph/2.0-decline-sr/001/all.html</link>
      <pubDate>Mon, 01 Jan 0001 00:00:00 +0000</pubDate>
      
      <guid>http://hugogtb.herokuapp.com/email/ph/2.0-decline-sr/001/all.html</guid>
      <description></description>
    </item>
    
    <item>
      <title>PH 2.0 Decline SR 002</title>
      <link>http://hugogtb.herokuapp.com/email/ph/2.0-decline-sr/002/all.html</link>
      <pubDate>Mon, 01 Jan 0001 00:00:00 +0000</pubDate>
      
      <guid>http://hugogtb.herokuapp.com/email/ph/2.0-decline-sr/002/all.html</guid>
      <description></description>
    </item>
    
    <item>
      <title>PH 2.0 First SR Due 001</title>
      <link>http://hugogtb.herokuapp.com/email/ph/2.0-first-sr/due/001.html</link>
      <pubDate>Mon, 01 Jan 0001 00:00:00 +0000</pubDate>
      
      <guid>http://hugogtb.herokuapp.com/email/ph/2.0-first-sr/due/001.html</guid>
      <description></description>
    </item>
    
    <item>
      <title>PH 2.0 First SR Past Due 001</title>
      <link>http://hugogtb.herokuapp.com/email/ph/2.0-first-sr/past-due/001.html</link>
      <pubDate>Mon, 01 Jan 0001 00:00:00 +0000</pubDate>
      
      <guid>http://hugogtb.herokuapp.com/email/ph/2.0-first-sr/past-due/001.html</guid>
      <description></description>
    </item>
    
    <item>
      <title>PH 2.0 Regular SR Due 001</title>
      <link>http://hugogtb.herokuapp.com/email/ph/2.0-regular-sr/due/001.html</link>
      <pubDate>Mon, 01 Jan 0001 00:00:00 +0000</pubDate>
      
      <guid>http://hugogtb.herokuapp.com/email/ph/2.0-regular-sr/due/001.html</guid>
      <description></description>
    </item>
    
    <item>
      <title>PH 2.0 Regular SR Past Due 001</title>
      <link>http://hugogtb.herokuapp.com/email/ph/2.0-regular-sr/past-due/001.html</link>
      <pubDate>Mon, 01 Jan 0001 00:00:00 +0000</pubDate>
      
      <guid>http://hugogtb.herokuapp.com/email/ph/2.0-regular-sr/past-due/001.html</guid>
      <description></description>
    </item>
    
    <item>
      <title>PH Anniversary 002 All New Everest</title>
      <link>http://hugogtb.herokuapp.com/email/ph/anniversary/002/All_New_Everest.html</link>
      <pubDate>Mon, 01 Jan 0001 00:00:00 +0000</pubDate>
      
      <guid>http://hugogtb.herokuapp.com/email/ph/anniversary/002/All_New_Everest.html</guid>
      <description></description>
    </item>
    
    <item>
      <title>PH Anniversary 002 E150</title>
      <link>http://hugogtb.herokuapp.com/email/ph/anniversary/002/E150.html</link>
      <pubDate>Mon, 01 Jan 0001 00:00:00 +0000</pubDate>
      
      <guid>http://hugogtb.herokuapp.com/email/ph/anniversary/002/E150.html</guid>
      <description></description>
    </item>
    
    <item>
      <title>PH Anniversary 002 EcoSport</title>
      <link>http://hugogtb.herokuapp.com/email/ph/anniversary/002/EcoSport.html</link>
      <pubDate>Mon, 01 Jan 0001 00:00:00 +0000</pubDate>
      
      <guid>http://hugogtb.herokuapp.com/email/ph/anniversary/002/EcoSport.html</guid>
      <description></description>
    </item>
    
    <item>
      <title>PH Anniversary 002 Escape</title>
      <link>http://hugogtb.herokuapp.com/email/ph/anniversary/002/Escape.html</link>
      <pubDate>Mon, 01 Jan 0001 00:00:00 +0000</pubDate>
      
      <guid>http://hugogtb.herokuapp.com/email/ph/anniversary/002/Escape.html</guid>
      <description></description>
    </item>
    
    <item>
      <title>PH Anniversary 002 Everest</title>
      <link>http://hugogtb.herokuapp.com/email/ph/anniversary/002/Everest.html</link>
      <pubDate>Mon, 01 Jan 0001 00:00:00 +0000</pubDate>
      
      <guid>http://hugogtb.herokuapp.com/email/ph/anniversary/002/Everest.html</guid>
      <description></description>
    </item>
    
    <item>
      <title>PH Anniversary 002 Expedition</title>
      <link>http://hugogtb.herokuapp.com/email/ph/anniversary/002/Expedition.html</link>
      <pubDate>Mon, 01 Jan 0001 00:00:00 +0000</pubDate>
      
      <guid>http://hugogtb.herokuapp.com/email/ph/anniversary/002/Expedition.html</guid>
      <description></description>
    </item>
    
    <item>
      <title>PH Anniversary 002 Explorer</title>
      <link>http://hugogtb.herokuapp.com/email/ph/anniversary/002/Explorer.html</link>
      <pubDate>Mon, 01 Jan 0001 00:00:00 +0000</pubDate>
      
      <guid>http://hugogtb.herokuapp.com/email/ph/anniversary/002/Explorer.html</guid>
      <description></description>
    </item>
    
    <item>
      <title>PH Anniversary 002 Fiesta</title>
      <link>http://hugogtb.herokuapp.com/email/ph/anniversary/002/Fiesta.html</link>
      <pubDate>Mon, 01 Jan 0001 00:00:00 +0000</pubDate>
      
      <guid>http://hugogtb.herokuapp.com/email/ph/anniversary/002/Fiesta.html</guid>
      <description></description>
    </item>
    
    <item>
      <title>PH Anniversary 002 Focus</title>
      <link>http://hugogtb.herokuapp.com/email/ph/anniversary/002/Focus.html</link>
      <pubDate>Mon, 01 Jan 0001 00:00:00 +0000</pubDate>
      
      <guid>http://hugogtb.herokuapp.com/email/ph/anniversary/002/Focus.html</guid>
      <description></description>
    </item>
    
  </channel>
</rss>