<?xml version="1.0" encoding="utf-8" standalone="yes" ?>
<rss version="2.0" xmlns:atom="http://www.w3.org/2005/Atom">
  <channel>
    <title>Th on TheBlueHive</title>
    <link>http://hugogtb.herokuapp.com/markets/th.xml</link>
    <description>Recent content in Th on TheBlueHive</description>
    <generator>Hugo -- gohugo.io</generator>
    <language>en-us</language>
    <atom:link href="http://hugogtb.herokuapp.com/markets/th.xml" rel="self" type="application/rss+xml" />
    
    <item>
      <title>TH Anniversary 002 All New Everest</title>
      <link>http://hugogtb.herokuapp.com/email/th/anniversary/002/All_New_Everest.html</link>
      <pubDate>Mon, 01 Jan 0001 00:00:00 +0000</pubDate>
      
      <guid>http://hugogtb.herokuapp.com/email/th/anniversary/002/All_New_Everest.html</guid>
      <description></description>
    </item>
    
    <item>
      <title>TH Anniversary 002 EcoSport</title>
      <link>http://hugogtb.herokuapp.com/email/th/anniversary/002/EcoSport.html</link>
      <pubDate>Mon, 01 Jan 0001 00:00:00 +0000</pubDate>
      
      <guid>http://hugogtb.herokuapp.com/email/th/anniversary/002/EcoSport.html</guid>
      <description></description>
    </item>
    
    <item>
      <title>TH Anniversary 002 Escape</title>
      <link>http://hugogtb.herokuapp.com/email/th/anniversary/002/Escape.html</link>
      <pubDate>Mon, 01 Jan 0001 00:00:00 +0000</pubDate>
      
      <guid>http://hugogtb.herokuapp.com/email/th/anniversary/002/Escape.html</guid>
      <description></description>
    </item>
    
    <item>
      <title>TH Anniversary 002 Everest</title>
      <link>http://hugogtb.herokuapp.com/email/th/anniversary/002/Everest.html</link>
      <pubDate>Mon, 01 Jan 0001 00:00:00 +0000</pubDate>
      
      <guid>http://hugogtb.herokuapp.com/email/th/anniversary/002/Everest.html</guid>
      <description></description>
    </item>
    
    <item>
      <title>TH Anniversary 002 Fiesta</title>
      <link>http://hugogtb.herokuapp.com/email/th/anniversary/002/Fiesta.html</link>
      <pubDate>Mon, 01 Jan 0001 00:00:00 +0000</pubDate>
      
      <guid>http://hugogtb.herokuapp.com/email/th/anniversary/002/Fiesta.html</guid>
      <description></description>
    </item>
    
    <item>
      <title>TH Anniversary 002 Focus</title>
      <link>http://hugogtb.herokuapp.com/email/th/anniversary/002/Focus.html</link>
      <pubDate>Mon, 01 Jan 0001 00:00:00 +0000</pubDate>
      
      <guid>http://hugogtb.herokuapp.com/email/th/anniversary/002/Focus.html</guid>
      <description></description>
    </item>
    
    <item>
      <title>TH Anniversary 002 Ranger</title>
      <link>http://hugogtb.herokuapp.com/email/th/anniversary/002/Ranger.html</link>
      <pubDate>Mon, 01 Jan 0001 00:00:00 +0000</pubDate>
      
      <guid>http://hugogtb.herokuapp.com/email/th/anniversary/002/Ranger.html</guid>
      <description></description>
    </item>
    
    <item>
      <title>TH Anniversary 002 Territory</title>
      <link>http://hugogtb.herokuapp.com/email/th/anniversary/002/Territory.html</link>
      <pubDate>Mon, 01 Jan 0001 00:00:00 +0000</pubDate>
      
      <guid>http://hugogtb.herokuapp.com/email/th/anniversary/002/Territory.html</guid>
      <description></description>
    </item>
    
    <item>
      <title>TH Anniversary 003 New Ranger</title>
      <link>http://hugogtb.herokuapp.com/email/th/anniversary/003/New_Ranger_gif_1.html</link>
      <pubDate>Mon, 01 Jan 0001 00:00:00 +0000</pubDate>
      
      <guid>http://hugogtb.herokuapp.com/email/th/anniversary/003/New_Ranger_gif_1.html</guid>
      <description></description>
    </item>
    
    <item>
      <title>TH Anniversary 010 All</title>
      <link>http://hugogtb.herokuapp.com/email/th/anniversary/010/all.html</link>
      <pubDate>Mon, 01 Jan 0001 00:00:00 +0000</pubDate>
      
      <guid>http://hugogtb.herokuapp.com/email/th/anniversary/010/all.html</guid>
      <description></description>
    </item>
    
    <item>
      <title>TH Enews 002 0-6 months</title>
      <link>http://hugogtb.herokuapp.com/email/th/enews/002/0_6m.html</link>
      <pubDate>Mon, 01 Jan 0001 00:00:00 +0000</pubDate>
      
      <guid>http://hugogtb.herokuapp.com/email/th/enews/002/0_6m.html</guid>
      <description></description>
    </item>
    
    <item>
      <title>TH Enews 002 2-4 years</title>
      <link>http://hugogtb.herokuapp.com/email/th/enews/002/2_4years.html</link>
      <pubDate>Mon, 01 Jan 0001 00:00:00 +0000</pubDate>
      
      <guid>http://hugogtb.herokuapp.com/email/th/enews/002/2_4years.html</guid>
      <description></description>
    </item>
    
    <item>
      <title>TH Enews 002 4 years plus</title>
      <link>http://hugogtb.herokuapp.com/email/th/enews/002/4years_plus.html</link>
      <pubDate>Mon, 01 Jan 0001 00:00:00 +0000</pubDate>
      
      <guid>http://hugogtb.herokuapp.com/email/th/enews/002/4years_plus.html</guid>
      <description></description>
    </item>
    
    <item>
      <title>TH Enews 002 6 months - 2 years</title>
      <link>http://hugogtb.herokuapp.com/email/th/enews/002/6m_2y.html</link>
      <pubDate>Mon, 01 Jan 0001 00:00:00 +0000</pubDate>
      
      <guid>http://hugogtb.herokuapp.com/email/th/enews/002/6m_2y.html</guid>
      <description></description>
    </item>
    
    <item>
      <title>TH Extended Warranty 002 Non-Urgent</title>
      <link>http://hugogtb.herokuapp.com/email/th/extended_warranty/002/Non_urgent.html</link>
      <pubDate>Mon, 01 Jan 0001 00:00:00 +0000</pubDate>
      
      <guid>http://hugogtb.herokuapp.com/email/th/extended_warranty/002/Non_urgent.html</guid>
      <description></description>
    </item>
    
  </channel>
</rss>