<?xml version="1.0" encoding="utf-8" standalone="yes" ?>
<rss version="2.0" xmlns:atom="http://www.w3.org/2005/Atom">
  <channel>
    <title>Vn on TheBlueHive</title>
    <link>http://hugogtb.herokuapp.com/markets/vn.xml</link>
    <description>Recent content in Vn on TheBlueHive</description>
    <generator>Hugo -- gohugo.io</generator>
    <language>en-us</language>
    <atom:link href="http://hugogtb.herokuapp.com/markets/vn.xml" rel="self" type="application/rss+xml" />
    
    <item>
      <title>VN Anniversary 004 All New Everest</title>
      <link>http://hugogtb.herokuapp.com/email/vn/anniversary/004/All_New_Everest.html</link>
      <pubDate>Mon, 01 Jan 0001 00:00:00 +0000</pubDate>
      
      <guid>http://hugogtb.herokuapp.com/email/vn/anniversary/004/All_New_Everest.html</guid>
      <description></description>
    </item>
    
    <item>
      <title>VN Anniversary 004 EcoSport</title>
      <link>http://hugogtb.herokuapp.com/email/vn/anniversary/004/EcoSport.html</link>
      <pubDate>Mon, 01 Jan 0001 00:00:00 +0000</pubDate>
      
      <guid>http://hugogtb.herokuapp.com/email/vn/anniversary/004/EcoSport.html</guid>
      <description></description>
    </item>
    
    <item>
      <title>VN Anniversary 004 Escape</title>
      <link>http://hugogtb.herokuapp.com/email/vn/anniversary/004/Escape.html</link>
      <pubDate>Mon, 01 Jan 0001 00:00:00 +0000</pubDate>
      
      <guid>http://hugogtb.herokuapp.com/email/vn/anniversary/004/Escape.html</guid>
      <description></description>
    </item>
    
    <item>
      <title>VN Anniversary 004 Everest</title>
      <link>http://hugogtb.herokuapp.com/email/vn/anniversary/004/Everest.html</link>
      <pubDate>Mon, 01 Jan 0001 00:00:00 +0000</pubDate>
      
      <guid>http://hugogtb.herokuapp.com/email/vn/anniversary/004/Everest.html</guid>
      <description></description>
    </item>
    
    <item>
      <title>VN Anniversary 004 Fiesta</title>
      <link>http://hugogtb.herokuapp.com/email/vn/anniversary/004/Fiesta.html</link>
      <pubDate>Mon, 01 Jan 0001 00:00:00 +0000</pubDate>
      
      <guid>http://hugogtb.herokuapp.com/email/vn/anniversary/004/Fiesta.html</guid>
      <description></description>
    </item>
    
    <item>
      <title>VN Anniversary 004 Focus</title>
      <link>http://hugogtb.herokuapp.com/email/vn/anniversary/004/Focus.html</link>
      <pubDate>Mon, 01 Jan 0001 00:00:00 +0000</pubDate>
      
      <guid>http://hugogtb.herokuapp.com/email/vn/anniversary/004/Focus.html</guid>
      <description></description>
    </item>
    
    <item>
      <title>VN Anniversary 004 New Focus</title>
      <link>http://hugogtb.herokuapp.com/email/vn/anniversary/004/New_Focus.html</link>
      <pubDate>Mon, 01 Jan 0001 00:00:00 +0000</pubDate>
      
      <guid>http://hugogtb.herokuapp.com/email/vn/anniversary/004/New_Focus.html</guid>
      <description></description>
    </item>
    
    <item>
      <title>VN Anniversary 004 New Ranger</title>
      <link>http://hugogtb.herokuapp.com/email/vn/anniversary/004/New_Ranger.html</link>
      <pubDate>Mon, 01 Jan 0001 00:00:00 +0000</pubDate>
      
      <guid>http://hugogtb.herokuapp.com/email/vn/anniversary/004/New_Ranger.html</guid>
      <description></description>
    </item>
    
    <item>
      <title>VN Anniversary 004 Ranger</title>
      <link>http://hugogtb.herokuapp.com/email/vn/anniversary/004/Ranger.html</link>
      <pubDate>Mon, 01 Jan 0001 00:00:00 +0000</pubDate>
      
      <guid>http://hugogtb.herokuapp.com/email/vn/anniversary/004/Ranger.html</guid>
      <description></description>
    </item>
    
    <item>
      <title>VN Anniversary 004 Transit</title>
      <link>http://hugogtb.herokuapp.com/email/vn/anniversary/004/Transit.html</link>
      <pubDate>Mon, 01 Jan 0001 00:00:00 +0000</pubDate>
      
      <guid>http://hugogtb.herokuapp.com/email/vn/anniversary/004/Transit.html</guid>
      <description></description>
    </item>
    
    <item>
      <title>VN Enews 002 0-6 months</title>
      <link>http://hugogtb.herokuapp.com/email/vn/enews/002/0_6m.html</link>
      <pubDate>Mon, 01 Jan 0001 00:00:00 +0000</pubDate>
      
      <guid>http://hugogtb.herokuapp.com/email/vn/enews/002/0_6m.html</guid>
      <description></description>
    </item>
    
    <item>
      <title>VN Enews 002 2-4 years</title>
      <link>http://hugogtb.herokuapp.com/email/vn/enews/002/2_4y.html</link>
      <pubDate>Mon, 01 Jan 0001 00:00:00 +0000</pubDate>
      
      <guid>http://hugogtb.herokuapp.com/email/vn/enews/002/2_4y.html</guid>
      <description></description>
    </item>
    
    <item>
      <title>VN Enews 002 4 years &#43;</title>
      <link>http://hugogtb.herokuapp.com/email/vn/enews/002/4y_plus.html</link>
      <pubDate>Mon, 01 Jan 0001 00:00:00 +0000</pubDate>
      
      <guid>http://hugogtb.herokuapp.com/email/vn/enews/002/4y_plus.html</guid>
      <description></description>
    </item>
    
    <item>
      <title>VN Enews 002 6 m - 2 y</title>
      <link>http://hugogtb.herokuapp.com/email/vn/enews/002/6m_2y.html</link>
      <pubDate>Mon, 01 Jan 0001 00:00:00 +0000</pubDate>
      
      <guid>http://hugogtb.herokuapp.com/email/vn/enews/002/6m_2y.html</guid>
      <description></description>
    </item>
    
    <item>
      <title>VN Enews 003 0-6 months</title>
      <link>http://hugogtb.herokuapp.com/email/vn/enews/003/0_6m.html</link>
      <pubDate>Mon, 01 Jan 0001 00:00:00 +0000</pubDate>
      
      <guid>http://hugogtb.herokuapp.com/email/vn/enews/003/0_6m.html</guid>
      <description></description>
    </item>
    
  </channel>
</rss>