<?xml version="1.0" encoding="utf-8" standalone="yes" ?>
<rss version="2.0" xmlns:atom="http://www.w3.org/2005/Atom">
  <channel>
    <title>Sk Lincoln on TheBlueHive</title>
    <link>http://hugogtb.herokuapp.com/markets/sk-lincoln.xml</link>
    <description>Recent content in Sk Lincoln on TheBlueHive</description>
    <generator>Hugo -- gohugo.io</generator>
    <language>en-us</language>
    <atom:link href="http://hugogtb.herokuapp.com/markets/sk-lincoln.xml" rel="self" type="application/rss+xml" />
    
    <item>
      <title>SK Lincoln Anniversary 001</title>
      <link>http://hugogtb.herokuapp.com/email/sk/lincoln/anniversary/001/All.html</link>
      <pubDate>Mon, 01 Jan 0001 00:00:00 +0000</pubDate>
      
      <guid>http://hugogtb.herokuapp.com/email/sk/lincoln/anniversary/001/All.html</guid>
      <description></description>
    </item>
    
    <item>
      <title>SK Lincoln Service Reminder First 001</title>
      <link>http://hugogtb.herokuapp.com/email/sk/lincoln/service_reminder_first_due/001/all.html</link>
      <pubDate>Mon, 01 Jan 0001 00:00:00 +0000</pubDate>
      
      <guid>http://hugogtb.herokuapp.com/email/sk/lincoln/service_reminder_first_due/001/all.html</guid>
      <description></description>
    </item>
    
    <item>
      <title>SK Lincoln Welcome 001</title>
      <link>http://hugogtb.herokuapp.com/email/sk/lincoln/welcome/001/all.html</link>
      <pubDate>Mon, 01 Jan 0001 00:00:00 +0000</pubDate>
      
      <guid>http://hugogtb.herokuapp.com/email/sk/lincoln/welcome/001/all.html</guid>
      <description></description>
    </item>
    
    <item>
      <title>SK Lincoln Welcome 001_Revised</title>
      <link>http://hugogtb.herokuapp.com/email/sk/lincoln/welcome/001/all_revised.html</link>
      <pubDate>Mon, 01 Jan 0001 00:00:00 +0000</pubDate>
      
      <guid>http://hugogtb.herokuapp.com/email/sk/lincoln/welcome/001/all_revised.html</guid>
      <description></description>
    </item>
    
  </channel>
</rss>