<?xml version="1.0" encoding="utf-8" standalone="yes" ?>
<rss version="2.0" xmlns:atom="http://www.w3.org/2005/Atom">
  <channel>
    <title>In on TheBlueHive</title>
    <link>http://hugogtb.herokuapp.com/markets/in.xml</link>
    <description>Recent content in In on TheBlueHive</description>
    <generator>Hugo -- gohugo.io</generator>
    <language>en-us</language>
    <atom:link href="http://hugogtb.herokuapp.com/markets/in.xml" rel="self" type="application/rss+xml" />
    
    <item>
      <title>IN Anniversary 007 All</title>
      <link>http://hugogtb.herokuapp.com/email/in/anniversary/007/all.html</link>
      <pubDate>Mon, 01 Jan 0001 00:00:00 +0000</pubDate>
      
      <guid>http://hugogtb.herokuapp.com/email/in/anniversary/007/all.html</guid>
      <description></description>
    </item>
    
    <item>
      <title>IN Enews 003 0-6m</title>
      <link>http://hugogtb.herokuapp.com/email/in/enews/003/0-6m.html</link>
      <pubDate>Mon, 01 Jan 0001 00:00:00 +0000</pubDate>
      
      <guid>http://hugogtb.herokuapp.com/email/in/enews/003/0-6m.html</guid>
      <description></description>
    </item>
    
    <item>
      <title>IN Enews 003 2-4yr</title>
      <link>http://hugogtb.herokuapp.com/email/in/enews/003/2-4yr.html</link>
      <pubDate>Mon, 01 Jan 0001 00:00:00 +0000</pubDate>
      
      <guid>http://hugogtb.herokuapp.com/email/in/enews/003/2-4yr.html</guid>
      <description></description>
    </item>
    
    <item>
      <title>IN Enews 003 4yr&#43;</title>
      <link>http://hugogtb.herokuapp.com/email/in/enews/003/4yr&#43;.html</link>
      <pubDate>Mon, 01 Jan 0001 00:00:00 +0000</pubDate>
      
      <guid>http://hugogtb.herokuapp.com/email/in/enews/003/4yr&#43;.html</guid>
      <description></description>
    </item>
    
    <item>
      <title>IN Enews 003 7m-2yr</title>
      <link>http://hugogtb.herokuapp.com/email/in/enews/003/7m-2yr.html</link>
      <pubDate>Mon, 01 Jan 0001 00:00:00 +0000</pubDate>
      
      <guid>http://hugogtb.herokuapp.com/email/in/enews/003/7m-2yr.html</guid>
      <description></description>
    </item>
    
    <item>
      <title>IN Enews 003 Prospects</title>
      <link>http://hugogtb.herokuapp.com/email/in/enews/003/prospects.html</link>
      <pubDate>Mon, 01 Jan 0001 00:00:00 +0000</pubDate>
      
      <guid>http://hugogtb.herokuapp.com/email/in/enews/003/prospects.html</guid>
      <description></description>
    </item>
    
    <item>
      <title>IN Extended Warranty 005 non urgent</title>
      <link>http://hugogtb.herokuapp.com/email/in/extended_warranty/005/non_urgent.html</link>
      <pubDate>Mon, 01 Jan 0001 00:00:00 +0000</pubDate>
      
      <guid>http://hugogtb.herokuapp.com/email/in/extended_warranty/005/non_urgent.html</guid>
      <description></description>
    </item>
    
    <item>
      <title>IN Extended Warranty 005 urgent</title>
      <link>http://hugogtb.herokuapp.com/email/in/extended_warranty/005/urgent.html</link>
      <pubDate>Mon, 01 Jan 0001 00:00:00 +0000</pubDate>
      
      <guid>http://hugogtb.herokuapp.com/email/in/extended_warranty/005/urgent.html</guid>
      <description></description>
    </item>
    
    <item>
      <title>IN Lost Customer 004 Q2</title>
      <link>http://hugogtb.herokuapp.com/email/in/lost_customer/004/all.html</link>
      <pubDate>Mon, 01 Jan 0001 00:00:00 +0000</pubDate>
      
      <guid>http://hugogtb.herokuapp.com/email/in/lost_customer/004/all.html</guid>
      <description></description>
    </item>
    
    <item>
      <title>IN Owner App 004 All</title>
      <link>http://hugogtb.herokuapp.com/email/in/owner_app/004/all.html</link>
      <pubDate>Mon, 01 Jan 0001 00:00:00 +0000</pubDate>
      
      <guid>http://hugogtb.herokuapp.com/email/in/owner_app/004/all.html</guid>
      <description></description>
    </item>
    
    <item>
      <title>IN Prospect 007 all</title>
      <link>http://hugogtb.herokuapp.com/email/in/prospect/007/backupall.html</link>
      <pubDate>Mon, 01 Jan 0001 00:00:00 +0000</pubDate>
      
      <guid>http://hugogtb.herokuapp.com/email/in/prospect/007/backupall.html</guid>
      <description></description>
    </item>
    
    <item>
      <title>IN Prospect 013 Aspire&amp;Figo</title>
      <link>http://hugogtb.herokuapp.com/email/in/prospect/013/figo_aspire.html</link>
      <pubDate>Mon, 01 Jan 0001 00:00:00 +0000</pubDate>
      
      <guid>http://hugogtb.herokuapp.com/email/in/prospect/013/figo_aspire.html</guid>
      <description></description>
    </item>
    
    <item>
      <title>IN Prospect 013 EcoSport</title>
      <link>http://hugogtb.herokuapp.com/email/in/prospect/013/ecosport.html</link>
      <pubDate>Mon, 01 Jan 0001 00:00:00 +0000</pubDate>
      
      <guid>http://hugogtb.herokuapp.com/email/in/prospect/013/ecosport.html</guid>
      <description></description>
    </item>
    
    <item>
      <title>IN Prospect 014 Aspire&amp;Figo MP</title>
      <link>http://hugogtb.herokuapp.com/email/in/prospect/014/figo_aspire_mp.html</link>
      <pubDate>Mon, 01 Jan 0001 00:00:00 +0000</pubDate>
      
      <guid>http://hugogtb.herokuapp.com/email/in/prospect/014/figo_aspire_mp.html</guid>
      <description></description>
    </item>
    
    <item>
      <title>IN Prospect 014 Aspire&amp;Figo RestIndia</title>
      <link>http://hugogtb.herokuapp.com/email/in/prospect/014/figo_aspire_rest_india.html</link>
      <pubDate>Mon, 01 Jan 0001 00:00:00 +0000</pubDate>
      
      <guid>http://hugogtb.herokuapp.com/email/in/prospect/014/figo_aspire_rest_india.html</guid>
      <description></description>
    </item>
    
  </channel>
</rss>