<?xml version="1.0" encoding="utf-8" standalone="yes" ?>
<rss version="2.0" xmlns:atom="http://www.w3.org/2005/Atom">
  <channel>
    <title>Au on TheBlueHive</title>
    <link>http://hugogtb.herokuapp.com/markets/au.xml</link>
    <description>Recent content in Au on TheBlueHive</description>
    <generator>Hugo -- gohugo.io</generator>
    <language>en-us</language>
    <atom:link href="http://hugogtb.herokuapp.com/markets/au.xml" rel="self" type="application/rss+xml" />
    
    <item>
      <title>AU Enews 010 All</title>
      <link>http://hugogtb.herokuapp.com/email/au/enews/011/all.html</link>
      <pubDate>Mon, 01 Jan 0001 00:00:00 +0000</pubDate>
      
      <guid>http://hugogtb.herokuapp.com/email/au/enews/011/all.html</guid>
      <description></description>
    </item>
    
    <item>
      <title>AU Enews 011 0-6 month</title>
      <link>http://hugogtb.herokuapp.com/email/au/enews/011/0-6%20month.html</link>
      <pubDate>Mon, 01 Jan 0001 00:00:00 +0000</pubDate>
      
      <guid>http://hugogtb.herokuapp.com/email/au/enews/011/0-6%20month.html</guid>
      <description></description>
    </item>
    
    <item>
      <title>AU Enews 011 2-3 year</title>
      <link>http://hugogtb.herokuapp.com/email/au/enews/011/2-3year.html</link>
      <pubDate>Mon, 01 Jan 0001 00:00:00 +0000</pubDate>
      
      <guid>http://hugogtb.herokuapp.com/email/au/enews/011/2-3year.html</guid>
      <description></description>
    </item>
    
    <item>
      <title>AU Enews 011 3-4 year</title>
      <link>http://hugogtb.herokuapp.com/email/au/enews/011/3-4%20year.html</link>
      <pubDate>Mon, 01 Jan 0001 00:00:00 +0000</pubDate>
      
      <guid>http://hugogtb.herokuapp.com/email/au/enews/011/3-4%20year.html</guid>
      <description></description>
    </item>
    
    <item>
      <title>AU Enews 011 5-6 year</title>
      <link>http://hugogtb.herokuapp.com/email/au/enews/011/5-6%20year.html</link>
      <pubDate>Mon, 01 Jan 0001 00:00:00 +0000</pubDate>
      
      <guid>http://hugogtb.herokuapp.com/email/au/enews/011/5-6%20year.html</guid>
      <description></description>
    </item>
    
    <item>
      <title>AU Enews 011 6-2year</title>
      <link>http://hugogtb.herokuapp.com/email/au/enews/011/6-2%20year.html</link>
      <pubDate>Mon, 01 Jan 0001 00:00:00 +0000</pubDate>
      
      <guid>http://hugogtb.herokuapp.com/email/au/enews/011/6-2%20year.html</guid>
      <description></description>
    </item>
    
    <item>
      <title>AU Enews 012 0-6 month</title>
      <link>http://hugogtb.herokuapp.com/email/au/enews/012/0-6%20month.html</link>
      <pubDate>Mon, 01 Jan 0001 00:00:00 +0000</pubDate>
      
      <guid>http://hugogtb.herokuapp.com/email/au/enews/012/0-6%20month.html</guid>
      <description></description>
    </item>
    
    <item>
      <title>AU Enews 012 6-2year</title>
      <link>http://hugogtb.herokuapp.com/email/au/enews/012/6-2year.html</link>
      <pubDate>Mon, 01 Jan 0001 00:00:00 +0000</pubDate>
      
      <guid>http://hugogtb.herokuapp.com/email/au/enews/012/6-2year.html</guid>
      <description></description>
    </item>
    
    <item>
      <title>AU Enews 012 prospect 2</title>
      <link>http://hugogtb.herokuapp.com/email/au/enews/012/prospect2.html</link>
      <pubDate>Mon, 01 Jan 0001 00:00:00 +0000</pubDate>
      
      <guid>http://hugogtb.herokuapp.com/email/au/enews/012/prospect2.html</guid>
      <description></description>
    </item>
    
    <item>
      <title>AU Prospect 011 EcoSport-Merged</title>
      <link>http://hugogtb.herokuapp.com/email/au/prospect/011/Ecosport_Merged.html</link>
      <pubDate>Mon, 01 Jan 0001 00:00:00 +0000</pubDate>
      
      <guid>http://hugogtb.herokuapp.com/email/au/prospect/011/Ecosport_Merged.html</guid>
      <description></description>
    </item>
    
    <item>
      <title>AU Prospect 011 Escape-Merged</title>
      <link>http://hugogtb.herokuapp.com/email/au/prospect/011/Escape_Merged.html</link>
      <pubDate>Mon, 01 Jan 0001 00:00:00 +0000</pubDate>
      
      <guid>http://hugogtb.herokuapp.com/email/au/prospect/011/Escape_Merged.html</guid>
      <description></description>
    </item>
    
    <item>
      <title>AU Prospect 011 Everest_2017-merged</title>
      <link>http://hugogtb.herokuapp.com/email/au/prospect/011/Everest_2017_merged.html</link>
      <pubDate>Mon, 01 Jan 0001 00:00:00 +0000</pubDate>
      
      <guid>http://hugogtb.herokuapp.com/email/au/prospect/011/Everest_2017_merged.html</guid>
      <description></description>
    </item>
    
    <item>
      <title>AU Prospect 011 Fiesta-merged</title>
      <link>http://hugogtb.herokuapp.com/email/au/prospect/011/Fiesta_Merged.html</link>
      <pubDate>Mon, 01 Jan 0001 00:00:00 +0000</pubDate>
      
      <guid>http://hugogtb.herokuapp.com/email/au/prospect/011/Fiesta_Merged.html</guid>
      <description></description>
    </item>
    
    <item>
      <title>AU Prospect 011 Focus_merged</title>
      <link>http://hugogtb.herokuapp.com/email/au/prospect/011/Focus_merged.html</link>
      <pubDate>Mon, 01 Jan 0001 00:00:00 +0000</pubDate>
      
      <guid>http://hugogtb.herokuapp.com/email/au/prospect/011/Focus_merged.html</guid>
      <description></description>
    </item>
    
    <item>
      <title>AU Prospect 011 Mondeo-merged</title>
      <link>http://hugogtb.herokuapp.com/email/au/prospect/011/Mondeo_merged.html</link>
      <pubDate>Mon, 01 Jan 0001 00:00:00 +0000</pubDate>
      
      <guid>http://hugogtb.herokuapp.com/email/au/prospect/011/Mondeo_merged.html</guid>
      <description></description>
    </item>
    
  </channel>
</rss>