<?xml version="1.0" encoding="utf-8" standalone="yes" ?>
<rss version="2.0" xmlns:atom="http://www.w3.org/2005/Atom">
  <channel>
    <title>Nz on TheBlueHive</title>
    <link>http://hugogtb.herokuapp.com/markets/nz.xml</link>
    <description>Recent content in Nz on TheBlueHive</description>
    <generator>Hugo -- gohugo.io</generator>
    <language>en-us</language>
    <atom:link href="http://hugogtb.herokuapp.com/markets/nz.xml" rel="self" type="application/rss+xml" />
    
    <item>
      <title>NZ Welcome 001 generic</title>
      <link>http://hugogtb.herokuapp.com/email/nz/welcome/001/welcome_generic.html</link>
      <pubDate>Mon, 01 Jan 0001 00:00:00 +0000</pubDate>
      
      <guid>http://hugogtb.herokuapp.com/email/nz/welcome/001/welcome_generic.html</guid>
      <description></description>
    </item>
    
    <item>
      <title>NZ Welcome 001 generic2</title>
      <link>http://hugogtb.herokuapp.com/email/nz/welcome/001/welcome_generic2.html</link>
      <pubDate>Mon, 01 Jan 0001 00:00:00 +0000</pubDate>
      
      <guid>http://hugogtb.herokuapp.com/email/nz/welcome/001/welcome_generic2.html</guid>
      <description></description>
    </item>
    
  </channel>
</rss>