<?xml version="1.0" encoding="utf-8" standalone="yes" ?>
<rss version="2.0" xmlns:atom="http://www.w3.org/2005/Atom">
  <channel>
    <title>Modules on TheBlueHive</title>
    <link>http://hugogtb.herokuapp.com/module.xml</link>
    <description>Recent content in Modules on TheBlueHive</description>
    <generator>Hugo -- gohugo.io</generator>
    <language>en-us</language>
    <atom:link href="http://hugogtb.herokuapp.com/module.xml" rel="self" type="application/rss+xml" />
    
    <item>
      <title>Covers</title>
      <link>http://hugogtb.herokuapp.com/module/all/cover.html</link>
      <pubDate>Mon, 01 Jan 0001 00:00:00 +0000</pubDate>
      
      <guid>http://hugogtb.herokuapp.com/module/all/cover.html</guid>
      <description></description>
    </item>
    
    <item>
      <title>Customs</title>
      <link>http://hugogtb.herokuapp.com/module/all/custom.html</link>
      <pubDate>Mon, 01 Jan 0001 00:00:00 +0000</pubDate>
      
      <guid>http://hugogtb.herokuapp.com/module/all/custom.html</guid>
      <description></description>
    </item>
    
    <item>
      <title>Duals</title>
      <link>http://hugogtb.herokuapp.com/module/all/dual.html</link>
      <pubDate>Mon, 01 Jan 0001 00:00:00 +0000</pubDate>
      
      <guid>http://hugogtb.herokuapp.com/module/all/dual.html</guid>
      <description></description>
    </item>
    
    <item>
      <title>Footers</title>
      <link>http://hugogtb.herokuapp.com/module/all/footer.html</link>
      <pubDate>Mon, 01 Jan 0001 00:00:00 +0000</pubDate>
      
      <guid>http://hugogtb.herokuapp.com/module/all/footer.html</guid>
      <description></description>
    </item>
    
    <item>
      <title>Headers</title>
      <link>http://hugogtb.herokuapp.com/module/all/header.html</link>
      <pubDate>Mon, 01 Jan 0001 00:00:00 +0000</pubDate>
      
      <guid>http://hugogtb.herokuapp.com/module/all/header.html</guid>
      <description></description>
    </item>
    
    <item>
      <title>Images</title>
      <link>http://hugogtb.herokuapp.com/module/all/images.html</link>
      <pubDate>Mon, 01 Jan 0001 00:00:00 +0000</pubDate>
      
      <guid>http://hugogtb.herokuapp.com/module/all/images.html</guid>
      <description></description>
    </item>
    
    <item>
      <title>Singles</title>
      <link>http://hugogtb.herokuapp.com/module/all/singles.html</link>
      <pubDate>Mon, 01 Jan 0001 00:00:00 +0000</pubDate>
      
      <guid>http://hugogtb.herokuapp.com/module/all/singles.html</guid>
      <description></description>
    </item>
    
    <item>
      <title>Spacers</title>
      <link>http://hugogtb.herokuapp.com/module/all/spacer.html</link>
      <pubDate>Mon, 01 Jan 0001 00:00:00 +0000</pubDate>
      
      <guid>http://hugogtb.herokuapp.com/module/all/spacer.html</guid>
      <description></description>
    </item>
    
    <item>
      <title>Splits</title>
      <link>http://hugogtb.herokuapp.com/module/all/split.html</link>
      <pubDate>Mon, 01 Jan 0001 00:00:00 +0000</pubDate>
      
      <guid>http://hugogtb.herokuapp.com/module/all/split.html</guid>
      <description></description>
    </item>
    
  </channel>
</rss>