<?xml version="1.0" encoding="utf-8" standalone="yes" ?>
<rss version="2.0" xmlns:atom="http://www.w3.org/2005/Atom">
  <channel>
    <title>Emails on TheBlueHive</title>
    <link>http://hugogtb.herokuapp.com/email.xml</link>
    <description>Recent content in Emails on TheBlueHive</description>
    <generator>Hugo -- gohugo.io</generator>
    <language>en-us</language>
    <atom:link href="http://hugogtb.herokuapp.com/email.xml" rel="self" type="application/rss+xml" />
    
    <item>
      <title></title>
      <link>http://hugogtb.herokuapp.com/email/vn/enews/005/2_4y.html</link>
      <pubDate>Mon, 01 Jan 0001 00:00:00 +0000</pubDate>
      
      <guid>http://hugogtb.herokuapp.com/email/vn/enews/005/2_4y.html</guid>
      <description></description>
    </item>
    
    <item>
      <title></title>
      <link>http://hugogtb.herokuapp.com/email/vn/enews/005/4y.html</link>
      <pubDate>Mon, 01 Jan 0001 00:00:00 +0000</pubDate>
      
      <guid>http://hugogtb.herokuapp.com/email/vn/enews/005/4y.html</guid>
      <description></description>
    </item>
    
    <item>
      <title></title>
      <link>http://hugogtb.herokuapp.com/email/vn/enews/005/6m_2y.html</link>
      <pubDate>Mon, 01 Jan 0001 00:00:00 +0000</pubDate>
      
      <guid>http://hugogtb.herokuapp.com/email/vn/enews/005/6m_2y.html</guid>
      <description></description>
    </item>
    
    <item>
      <title>AU Enews 010 All</title>
      <link>http://hugogtb.herokuapp.com/email/au/enews/011/all.html</link>
      <pubDate>Mon, 01 Jan 0001 00:00:00 +0000</pubDate>
      
      <guid>http://hugogtb.herokuapp.com/email/au/enews/011/all.html</guid>
      <description></description>
    </item>
    
    <item>
      <title>AU Enews 011 0-6 month</title>
      <link>http://hugogtb.herokuapp.com/email/au/enews/011/0-6%20month.html</link>
      <pubDate>Mon, 01 Jan 0001 00:00:00 +0000</pubDate>
      
      <guid>http://hugogtb.herokuapp.com/email/au/enews/011/0-6%20month.html</guid>
      <description></description>
    </item>
    
    <item>
      <title>AU Enews 011 2-3 year</title>
      <link>http://hugogtb.herokuapp.com/email/au/enews/011/2-3year.html</link>
      <pubDate>Mon, 01 Jan 0001 00:00:00 +0000</pubDate>
      
      <guid>http://hugogtb.herokuapp.com/email/au/enews/011/2-3year.html</guid>
      <description></description>
    </item>
    
    <item>
      <title>AU Enews 011 3-4 year</title>
      <link>http://hugogtb.herokuapp.com/email/au/enews/011/3-4%20year.html</link>
      <pubDate>Mon, 01 Jan 0001 00:00:00 +0000</pubDate>
      
      <guid>http://hugogtb.herokuapp.com/email/au/enews/011/3-4%20year.html</guid>
      <description></description>
    </item>
    
    <item>
      <title>AU Enews 011 5-6 year</title>
      <link>http://hugogtb.herokuapp.com/email/au/enews/011/5-6%20year.html</link>
      <pubDate>Mon, 01 Jan 0001 00:00:00 +0000</pubDate>
      
      <guid>http://hugogtb.herokuapp.com/email/au/enews/011/5-6%20year.html</guid>
      <description></description>
    </item>
    
    <item>
      <title>AU Enews 011 6-2year</title>
      <link>http://hugogtb.herokuapp.com/email/au/enews/011/6-2%20year.html</link>
      <pubDate>Mon, 01 Jan 0001 00:00:00 +0000</pubDate>
      
      <guid>http://hugogtb.herokuapp.com/email/au/enews/011/6-2%20year.html</guid>
      <description></description>
    </item>
    
    <item>
      <title>AU Enews 012 0-6 month</title>
      <link>http://hugogtb.herokuapp.com/email/au/enews/012/0-6%20month.html</link>
      <pubDate>Mon, 01 Jan 0001 00:00:00 +0000</pubDate>
      
      <guid>http://hugogtb.herokuapp.com/email/au/enews/012/0-6%20month.html</guid>
      <description></description>
    </item>
    
    <item>
      <title>AU Enews 012 6-2year</title>
      <link>http://hugogtb.herokuapp.com/email/au/enews/012/6-2year.html</link>
      <pubDate>Mon, 01 Jan 0001 00:00:00 +0000</pubDate>
      
      <guid>http://hugogtb.herokuapp.com/email/au/enews/012/6-2year.html</guid>
      <description></description>
    </item>
    
    <item>
      <title>AU Enews 012 prospect 2</title>
      <link>http://hugogtb.herokuapp.com/email/au/enews/012/prospect2.html</link>
      <pubDate>Mon, 01 Jan 0001 00:00:00 +0000</pubDate>
      
      <guid>http://hugogtb.herokuapp.com/email/au/enews/012/prospect2.html</guid>
      <description></description>
    </item>
    
    <item>
      <title>AU Module 01 Double Column Images</title>
      <link>http://hugogtb.herokuapp.com/email/testing/double_column_images.html</link>
      <pubDate>Mon, 01 Jan 0001 00:00:00 +0000</pubDate>
      
      <guid>http://hugogtb.herokuapp.com/email/testing/double_column_images.html</guid>
      <description></description>
    </item>
    
    <item>
      <title>AU Module 01 Double images text</title>
      <link>http://hugogtb.herokuapp.com/email/testing/double_images_text.html</link>
      <pubDate>Mon, 01 Jan 0001 00:00:00 +0000</pubDate>
      
      <guid>http://hugogtb.herokuapp.com/email/testing/double_images_text.html</guid>
      <description></description>
    </item>
    
    <item>
      <title>AU Module Cover 05</title>
      <link>http://hugogtb.herokuapp.com/email/testing/cover_05.html</link>
      <pubDate>Mon, 01 Jan 0001 00:00:00 +0000</pubDate>
      
      <guid>http://hugogtb.herokuapp.com/email/testing/cover_05.html</guid>
      <description></description>
    </item>
    
  </channel>
</rss>