<?xml version="1.0" encoding="utf-8" standalone="yes" ?>
<rss version="2.0" xmlns:atom="http://www.w3.org/2005/Atom">
  <channel>
    <title>Asciis on TheBlueHive</title>
    <link>http://hugogtb.herokuapp.com/ascii.xml</link>
    <description>Recent content in Asciis on TheBlueHive</description>
    <generator>Hugo -- gohugo.io</generator>
    <language>en-us</language>
    <atom:link href="http://hugogtb.herokuapp.com/ascii.xml" rel="self" type="application/rss+xml" />
    
    <item>
      <title></title>
      <link>http://hugogtb.herokuapp.com/ascii/ascii.html</link>
      <pubDate>Mon, 01 Jan 0001 00:00:00 +0000</pubDate>
      
      <guid>http://hugogtb.herokuapp.com/ascii/ascii.html</guid>
      <description></description>
    </item>
    
  </channel>
</rss>